,,,,,,,,,
1,,,,,,,,,
2,,Title,,,,,,
3,,Pops,
4,,,"Natsu Matsuri 【Whiteberry】
夏祭り",★3,★2,★6,★6,,
5,,,Feel Special 【TWICE】,★2,★4,★5,★7,,
6,,,DDU-DU DDU-DU 【BLACKPINK】,★2,★2,★4,★7,,
7,,,"I LOVE... 【Official HIGE DANdism】
I LOVE...／Official髭男dism",★2,★3,★4,★7,,
8,,,"Yoru ni Kakeru 【YOASOBI】
夜に駆ける／YOASOBI",★1,★2,★4,★8,,
9,,,"That's Why I Gave Up on Music 【Yorushika】
だから僕は音楽を辞めた／ヨルシカ",★1,★2,★4,★6,★8,
10,,,"Marigold 【Aimyon】
マリーゴールド",★1,★1,★4,★6,,
11,,,"Ao to Natsu 【Mrs. GREEN APPLE】
青と夏",★2,★2,★3,★6,,
12,,,"Zenzenzense 【Radwimps】
前前前世／映画「君の名は。」より",★3,★4,★6,★8,,
13,,,"Kurenai 【X-Japan】
紅",★3,★4,★7,★8,,
14,,,
15,,,TT 【TWICE】,★3,★5,★5,★7,★9,
16,,,bad guy 【Billie Eilish】,★3,★5,★6,★7,,
17,,,"Igaku 【Sasuke Haraguchi feat. Kasane Teto】
イガク／原口沙輔 feat. 重音テト",★3,★5,★6,★8,★10,
18,,,"Override 【Yoshida Yasei feat. Kasane Teto】
オーバーライド／吉田夜世 feat. 重音テト",★3,★5,★6,★9,,
19,,,"Odo 【Ado】
踊／Ado",★2,★3,★5,★8,,
20,,,"Usseewa 【Ado】
うっせぇわ／Ado",★2,★2,★3,★8,,
21,,,"Dance Hall 【Mrs. GREEN APPLE】
ダンスホール",★2,★3,★6,★7,,
22,,,"Chu, Tayousei. 【ano】
ちゅ、多様性。／TVアニメ「チェンソーマン」エンディング・テーマ",★3,★4,★5,★8,,
23,,,"Kawaikute Gomen 【HoneyWorks】
可愛くてごめん",★2,★4,★5,★7,,
24,,,"Star Mine 【Da-iCE】
スターマイン",★3,★4,★5,★7,,
25,,,"Habit 【SEKAI NO OWARI】
Habit／映画『ホリック xxxHOLiC』主題歌",★2,★4,★5,★7,★8,
26,,,RPG 【SEKAI NO OWARI】,★3,★3,★4,★6,,
27,,,"phony 【Tsumiki feat. KAFU】
フォニイ／ツミキ feat. 音楽的同位体 可不(KAFU)",★3,★4,★5,★7,★9,
28,,,"S'il Vous President 【Pmarusama】
シル・ヴ・プレジデント／P丸様。",★3,★4,★5,★7,★9,
29,,,"HIMAWARI HAPPY 【Himawari Channel】
HIMAWARI HAPPY／HIMAWARIちゃんねる",★1,★1,★2,★2,,
30,,,"OTONABLUE 【Atarashii Gakko!】
オトナブルー／新しい学校のリーダーズ",★2,★4,★4,★7,,
31,,,"Haru wo Tsugeru 【yama】
春を告げる／yama",★3,★4,★7,★8,,
32,,,"Kiseki 【GReeeeN】
キセキ／ドラマ「ROOKIES」より",★3,★2,★3,★2,,
33,,,"Joyful 【Ikimono Gakari】
じょいふる",★3,★4,★6,★6,,
34,,,"Ai o Komete Hanataba o 【Superfly】
愛をこめて花束を",★2,★2,★4,★5,,
35,,,"Kibun Joujou ↑↑ 【mihimaru GT】
気分上々↑↑",★4,★4,★6,★7,,
36,,,"Sakuranbo 【Ai Ootsuka】
さくらんぼ",★4,★4,★4,★8,,
37,,,"Sobakasu 【Judy and Mary】
そばかす",★4,★3,★4,★6,,
38,,,"Plastic Love 【Mariya Takeuchi】
プラスティック・ラブ",★2,★4,★5,★7,,
39,,,"Mayonaka no Door ~ Stay with Me 【Miki Matsubara】
真夜中のドア～Stay with me",★3,★4,★5,★8,,
40,,,"Tsugaru Kaikyou Fuyugeshiki
津軽海峡・冬景色",★1,★2,★4,★6,★8,
41,,,"365 Steps March
三百六十五歩のマーチ",★1,★1,★2,★3,,
42,,Anime,
43,,,"MIXED NUTS
【SPY×FAMILY】
ミックスナッツ
／TVアニメ『SPY×FAMILY』第1クールオープニング主題歌",★2,★4,★5,★7,★9,
44,,,"Gurenge 【Demon Slayer: Kimetsu no Yaiba】
紅蓮華／「鬼滅の刃」より",★2,★2,★3,★6,★8,
45,,,"Kaikai Kitan 【Jujutsu Kaisen】
廻廻奇譚／TVアニメ『呪術廻戦』第1クールオープニングテーマ",★4,★5,★6,★8,,
46,,,"Into the Unknown 【Frozen 2】
Into the Unknown／「アナと雪の女王2」より",★1,★2,★5,★7,,
47,,,"Guren no Yumiya 【Attack on Titan】
紅蓮の弓矢／「進撃の巨人」より",★5,★6,★6,★8,,
48,,,"Yume o Kanaete Doraemon
夢をかなえてドラえもん",★1,★1,★2,★4,,
49,,,"A Cruel Angel's Thesis 【Neon Genesis Evangelion】
残酷な天使のテーゼ／「新世紀エヴァンゲリオン」より",★4,★4,★6,★7,★8,
50,,,,
51,,,"Butter-Fly 【Digimon Adventures】
Butter-Fly／「デジモンアドベンチャー」より",★4,★5,★5,★7,,
52,,,"Moonlight Densetsu 【Pretty Guardian Sailor Moon】
ムーンライト伝説／「美少女戦士セーラームーン」",★2,★2,★5,★8,,
53,,,"Makafushigi Adventure! 【Dragon Ball】
魔訶不思議アドベンチャー!／「ドラゴンボール」 より",★3,★5,★6,★7,,
54,,,"Tonari no Totoro
となりのトトロ",★2,★3,★1,★5,,
55,,,"Iinazukkyun 【Ranma 1/2】
許婚っきゅん／「らんま1/2」より",★3,★3,★5,★7,,
56,,,"Lilac 【Oblivion Battery】
ライラック／TVアニメ「忘却バッテリー」より",★3,★4,★4,★8,,
57,,,"Detective Conan Main Theme
名探偵コナン　メイン・テーマ／アニメ「名探偵コナン」より",★3,★1,★5,★6,,
58,,,"Sunny 【Frieren: Beyond Journey's End】
晴る／TVアニメ『葬送のフリーレン』第2クールオープニングテーマ",★3,★3,★4,★7,,
59,,,"Yuusha 【Frieren: Beyond Journey's End】
勇者／「葬送のフリーレン」より",★2,★3,★5,★7,★9,
60,,,"UUUUUS！ 【One Piece】
あーーっす！／「ワンピース」より",★2,★3,★4,★6,,
61,,,"I’m invincible 【One Piece Film: Red】
私は最強／Ado 「ウタの歌 ONE PIECE FILM RED」より",★2,★3,★4,★7,,
62,,,"New Genesis 【One Piece Film: Red】
新時代／Ado 「ウタの歌 ONE PIECE FILM RED」より",★2,★4,★5,★7,,
63,,,"OVER THE TOP 【One Piece】
OVER THE TOP／ONE PIECEワノ国編主題歌",★1,★2,★2,★6,,
64,,,"One day 【One Piece】
One day／「ワンピース」より",★2,★3,★5,★6,,
65,,,"BRAND NEW WORLD 【One Piece】
BRAND NEW WORLD／「ワンピース」より",★3,★5,★4,★5,,
66,,,"Kokoro no Chizu 【One Piece】
ココロのちず／TVアニメ「ワンピース」より",★3,★4,★4,★5,,
67,,,"We Are! 【One Piece】
ウィーアー！／「ワンピース」より",★3,★4,★5,★6,★10,
68,,,"Kura Kura 【SPY×FAMILY】
クラクラ／TVアニメ『SPY×FAMILY』Season 2 オープニング主題歌",★2,★4,★4,★7,,
69,,,"SOUVENIR 【SPY×FAMILY】
SOUVENIR／TVアニメ『SPY×FAMILY』第2クールオープニング主題歌",★3,★4,★5,★6,,
70,,,"WISE - BONDMAN - STRIX 【SPY×FAMILY】
WISE - BONDMAN - STRIX／TVアニメ『SPY×FAMILY』より",★3,★5,★5,★8,,
71,,,"Dai-Zero Kan 【The First Slam Dunk】
第ゼロ感／Taiko Team cover ver. / 「THE FIRST SLAM DUNK」より",★3,★5,★5,★7,,
72,,,"STONE OCEAN 【JoJo's Bizarre Adventure: Stone Ocean】
STONE OCEAN／「ジョジョの奇妙な冒険 ストーンオーシャン」より",★3,★5,★6,★7,,
73,,,"JoJo ~Sono Chi no Sadame~ 【JoJo's Bizarre Adventure】
ジョジョ～その血の運命～／「ジョジョの奇妙な冒険」より",★3,★5,★5,★7,,
74,,,"THE DAY 【My Hero Academia】
THE DAY／「僕のヒーローアカデミア」より",★2,★4,★6,★8,,
75,,,"Ukiuki Otoppe 【Otoppe】
ウキウキオトッペ",★1,★1,★4,★9,,
76,,,"Doraemon no Uta
ドラえもんのうた",★1,★2,★3,★3,,
77,,,"Anpanman no March 【Soreike! Anpanman】
アンパンマンのマーチ",★2,★1,★5,★1,,
78,,,"Anpanman Taisou 【Soreike! Anpanman】
アンパンマンたいそう／それいけ！アンパンマン",★2,★2,★4,★4,,
79,,,"Yuuki Rinrin 【Soreike! Anpanman】
勇気りんりん／「それいけ！アンパンマン」",★2,★3,★3,★7,,
80,,,"Yuruyuru de DE-O 【Crayon Shin-chan】
ユルユルでDE-O!／アニメ「クレヨンしんちゃん」より",★2,★2,★3,★8,,
81,,,"Kimi ni 100 Percent 【Crayon Shin-Chan】
キミに100パーセント／「クレヨンしんちゃん」より",★2,★3,★5,★5,,
82,,,"OLA!! 【Yuzu】
OLA!!／「クレヨンしんちゃん オラの引越し物語～サボテン大襲撃～」",★4,★4,★6,★7,,
83,,,"Tomo yo - Kono Saki mo Zutto...【Crayon Shin-chan: Fast Asleep! 
The Great Assault on Dreamy World!】
友よ ～この先もずっと･･･
／「映画クレヨンしんちゃん 爆睡！ユメミーワールド大突撃」より",★2,★4,★4,★5,,
84,,,"Road Movie 【Crayon Shin-chan: Invasion!! Alien Shiriri】
ロードムービー／「映画クレヨンしんちゃん 襲来!! 宇宙人シリリ」より",★3,★4,★4,★5,,
85,,,"Muscat 【Crayon Shin-chan】
マスカット／「クレヨンしんちゃん」より",★1,★1,★1,★2,,
86,,,"Odoru Ponpokorin 【Chibi Maruko-chan】
おどるポンポコリン",★1,★2,★3,★4,★8,
87,,,
88,,,"Genkai Toppa x Survivor 【Dragon Ball Super】
限界突破×サバイバー／「ドラゴンボール超」より",★3,★3,★3,★3,★8,
89,,,
90,,,"Dragon Soul 【Dragon Ball Z Kai】
Dragon Soul／「ドラゴンボール改」より",★2,★3,★5,★6,,
91,,,"CHA-LA HEAD-CHA-LA 【Dragon Ball Z】
CHA-LA HEAD-CHA-LA／「ドラゴンボールＺ」より",★3,★4,★5,★6,,
92,,,"Kaibutsu 【YOASOBI】
怪物／YOASOBI「怪物 / 優しい彗星」より",★3,★5,★6,★7,,
93,,,"Inferno 【Fire Force】
インフェルノ／「炎炎ノ消防隊」より",★3,★5,★5,★8,,
94,,,"Onegai Muscle 【How Heavy Are the Dumbbells You Lift?】
お願いマッスル／「ダンベル何キロ持てる？」より",★3,★5,★6,★7,,
95,,,"Blue Bird 【Naruto Shippuden】
ブルーバード／「NARUTO-ナルト-疾風伝」より",★3,★4,★5,★6,,
96,,,"GO!!! 【Naruto】
GO!!!／「NARUTO」 より",★4,★4,★5,★8,,
97,,,"Rhapsody of Blue Sky 【Miss Kobayashi's Dragon Maid】
青空のラプソディ／TVアニメ「小林さんちのメイドラゴン」OP主題歌",★3,★4,★5,★8,★9,
98,,,"Sugar Song to Bitter Step 【Kekkai Sensen】
シュガーソングとビターステップ／「血界戦線」より",★3,★4,★5,★8,,
99,,,"Hikarunara 【Your Lie in April】
光るなら／「四月は君の嘘」より",★3,★4,★5,★7,,
100,,,"Netsujou no Spectrum 【Ikimono Gakari】
熱情のスペクトラム",★3,★4,★5,★8,,
101,,,"Uso 【Sid】
嘘／「鋼の錬金術師FULLMETAL ALCHEMIST」より",★3,★5,★5,★6,,
102,,,"Rewrite 【Fullmetal Alchemist】
リライト／「鋼の錬金術師」",★4,★4,★3,★6,,
103,,,"God knows... 【The Melancholy of Haruhi Suzumiya】
God knows...／「涼宮ハルヒの憂鬱」より",★3,★4,★4,★7,★9,
104,,,"Sousei no Aquarion
創聖のアクエリオン",★3,★4,★5,★7,,
105,,,"Tank! 【Cowboy Bebop】
Tank!／「カウボーイビバップ」より",★5,★5,★7,★9,★9,
106,,,"Get Wild 【City Hunter】
Get Wild／「シティーハンター」 より",★3,★4,★5,★8,,
107,,,"Lum no Love Song 【Urusei Yatsura】
ラムのラブソング／「うる星やつら」より",★5,★6,★5,★8,,
108,,,
109,,,"Gake no Ue no Ponyo
崖の上のポニョ",★1,★2,★1,★2,,
110,,,"Merry-Go-Round of Life 【Howl's Moving Castle】
人生のメリーゴーランド／「ハウルの動く城」より",★4,★4,★4,★7,,
111,,,"Kaze ni Naru 【The Cat Returns】
風になる／「猫の恩返し」より",★2,★3,★2,★6,,
112,,,"Always With Me 【Spirited Away】
いつも何度でも／「千と千尋の神隠し」より",★2,★1,★2,★1,,
113,,,"A Town With an Ocean View 【Kiki's Delivery Service】
海の見える街／「魔女の宅急便」より",★1,★2,★4,★6,,
114,,,"Kimi o Nosete 【Laputa: Castle in the Sky】
君をのせて／「天空の城ラピュタ」より",★2,★3,★4,★6,,
115,,,"The Path of the Wind 【My Neighbour Totoro】
風のとおり道／「となりのトトロ」より",★2,★3,★4,★7,,
116,,,"Sanpo 【My Neighbor Totoro】
さんぽ／「となりのトトロ」より",★1,★1,★4,★5,★9,
117,,,"Try Everything 【Zootopia】
トライ・エヴリシング／「ズートピア」より",★2,★3,★4,★3,,
118,,,"Do You Want to Build A Snowman 【Frozen】
雪だるまつくろう／「アナと雪の女王」より",★1,★1,★3,★7,,
119,,,"Let It Go ~Ari no Mama de~ 【Frozen】
Let It Go～ありのままで～／「アナと雪の女王」より",★2,★2,★2,★4,,
120,,,Let It Go 【Frozen】,★2,★2,★2,★4,,
121,,VOCALOID™,
122,,,"Roki 【MikitoP feat. Kagamine Rin】
ロキ／みきとP feat. 鏡音リン",★3,★3,★4,★7,,
123,,,KING 【Kanaria】,★2,★5,★6,★8,,
124,,,"Villain 【flower・Teniwoha】
ヴィラン／flower・てにをは",★2,★3,★5,★7,★8,
125,,,"Dareka no Shinzou ni Nareta Nara 【YurryCanon】
だれかの心臓になれたなら／ユリイ・カノン",★3,★4,★6,★8,,
126,,,"Charles 【balloon feat. flower】
シャルル／バルーン feat. flower",★4,★5,★6,★8,,
127,,,"Tell Me Beat 【kinoshita feat. Kagamine Rin】
テルミービート／キノシタ feat. 鏡音リン",★3,★5,★6,★8,,
128,,,"Colorful Voice 【cosMo@BousouP】
カラフルボイス／cosMo@暴走P",★5,★7,★7,★9,★10,
129,,,"Monochrome Voice 【cosMo@BousouP】
モノクロボイス／cosMo@暴走P",★4,★6,★7,★10,★10,
130,,,"Lagtrain 【INABAKUMORI feat. Kaai Yuki】
ラグトレイン／稲葉曇 feat. 歌愛ユキ",★3,★5,★5,★7,,
131,,,"Mesmerizer 【Satsuki feat. Hatsune Miku・Kasane Teto】
メズマライザー／サツキ feat. 初音ミク・重音テト",★3,★5,★4,★7,★9,
132,,,"Animal 【DECO*27 feat. Hatsune Miku】
アニマル／DECO*27 feat. 初音ミク",★3,★4,★4,★7,,
133,,,"Cinderella 【DECO*27 feat. Hatsune Miku】
シンデレラ／DECO*27 feat. 初音ミク",★3,★4,★5,★7,★9,
134,,,"Vampire 【DECO*27 feat. Hatsune Miku】
ヴァンパイア／DECO*27 feat. 初音ミク",★3,★5,★6,★8,,
135,,,"Otome Dissection 【DECO*27 feat. Hatsune Miku】
乙女解剖／DECO*27 feat. 初音ミク",★2,★3,★4,★6,★8,
136,,,"Ghost Rule 【DECO*27 feat. Hatsune Miku】
ゴーストルール／DECO*27 feat. 初音ミク",★4,★5,★7,★8,★9,
137,,,"God-ish 【PinocchioP feat. Hatsune Miku】
神っぽいな／ピノキオピー feat. 初音ミク",★2,★3,★5,★7,,
138,,,"Darling Dance 【Kairiki bear feat. Hatsune Miku】
ダーリンダンス／かいりきベア feat. 初音ミク",★3,★5,★6,★8,,
139,,,"Alien Alien 【NayutalieN feat. Hatsune Miku】
エイリアンエイリアン／ナユタン星人 feat. 初音ミク",★3,★5,★6,★9,,
140,,,"Dance Robot Dance 【NayutalieN feat. Hatsune Miku】
ダンスロボットダンス／ナユタン星人 feat. 初音ミク",★3,★4,★4,★9,,
141,,,"Solar System Disco 【NayutalieN feat. Hatsune Miku】
太陽系デスコ／ナユタン星人 feat. 初音ミク",★3,★4,★5,★8,,
142,,,"Buriki No Dance 【Hinata Electric Works feat. Hatsune Miku】
ブリキノダンス／日向電工 feat. 初音ミク",★3,★6,★7,★9,,
143,,,"Tell Your World 【livetune feat. Hatsune Miku】
Tell Your World／livetune feat.初音ミク",★3,★2,★5,★6,,
144,,,"Black★Rock Shooter 【supercell feat. Hatsune Miku】
ブラック★ロックシューター／supercell feat. 初音ミク",★4,★4,★6,★8,,
145,,,"World is Mine 【supercell feat. Hatsune Miku】
ワールドイズマイン／supercell feat. 初音ミク",★4,★5,★6,★8,,
146,,,"Melt 【supercell feat. Hatsune Miku】
メルト／supercell feat.初音ミク",★3,★3,★5,★8,,
147,,,"Miku Miku ni Shite Ageru♪【Shite Yan Yo】【ika feat. Hatsune Miku】
みくみくにしてあげる♪【してやんよ】／ika feat.初音ミク",★1,★5,★5,★6,,
148,,,"Yoidoreshirazu 【Kanaria】
酔いどれ知らず／Kanaria",★3,★3,★5,★8,,
149,,,"Luka Luka Night Fever 【samfree】
ルカルカ★ナイトフィーバー／samfree",★3,★6,★7,★8,★9,
150,,,"Asu no Yozora Shoukaihan 【Orangestar feat. IA】
アスノヨゾラ哨戒班／Orangestar feat. IA",★4,★6,★7,★9,,
151,,,"Roku-chou Nen to Ichiya Monogatari 【kemu feat. IA】
六兆年と一夜物語／kemu feat. IA",★3,★5,★7,★9,★9,
152,,,"Lower 【Lanndo feat. flower】
ロウワー／ぬゆり feat. flower",★2,★4,★6,★8,,
153,,,"Goodbye Sengen 【Chinozo feat. flower】
グッバイ宣言／Chinozo feat. flower",★3,★5,★6,★8,★9,
154,,,"Venom（feat. flower） 【Kairiki bear】
ベノム（feat. flower）／かいりきベア",★2,★4,★6,★8,,
155,,Variety,
156,,,"He's A Pirate 【Pirates of the Caribbean】
He's A Pirate／「パイレーツ・オブ・カリビアン」より",★4,★5,★7,★7,,
157,,,Pixel Galaxy 【Snail's House】,★4,★5,★6,★9,,
158,,,FREEDOM DiVE↓ 【xi】,★4,★6,★7,★10,,
159,,,"Mopemope 【LeaF】
もぺもぺ／LeaF",★4,★5,★7,★10,,
160,,,"Night of Knights 【Touhou Project Arrange beatMARIO】
ナイト・オブ・ナイツ／東方Projectアレンジ ビートまりお",★4,★6,★7,★9,,
161,,,,,,
162,,,"Last Brutal Sister Flandre S 【Touhou Project Arrange beatMARIO】
最終鬼畜妹フランドール・S／東方Projectアレンジ ビートまりお",★4,★6,★7,★10,,
163,,,"Asteroid 【KORG Gadget Kamata Demo Song】
Asteroid／KORG Gadget Kamata デモソング",★5,★7,★8,★9,,
164,,,"Jamboree Mickey!
ジャンボリミッキー！",★2,★3,★4,★5,★9,
165,,,"Mickey Mouse March
ミッキーマウス･マーチ",★4,★5,★5,★7,,
166,,,Baby Shark（ベイビー・シャーク）,★1,★1,★3,★4,,
167,,,"CHEMY×STORY 【Kamen Rider Gotchard】
CHEMY×STORY／「仮面ライダーガッチャード」より",★1,★1,★3,★4,,
168,,,"Trust・Last 【Kamen Rider Geats】
Trust・Last／「仮面ライダーギーツ」より",★1,★2,★3,★5,,
169,,,"liveDevil 【Kamen Rider Revice】
liveDevil／「仮面ライダーリバイス」より",★2,★3,★5,★6,,
170,,,"ALMIGHTY ~ Kamen no Yakusoku 【Kamen Rider Saber】
ALMIGHTY～仮面の約束／「仮面ライダーセイバー」より",★1,★1,★4,★6,,
171,,,"REAL×EYEZ 【Kamen Rider Zero-One】
REAL×EYEZ／「仮面ライダーゼロワン」より",★2,★2,★3,★4,,
172,,,"Over ""Quartzer"" 【Kamen Rider Zi-O】
Over ""Quartzer""／「仮面ライダージオウ」より",★1,★1,★2,★7,,
173,,,"Be The One 【Kamen Rider Build】
Be The One／「仮面ライダービルド」より",★1,★2,★4,★5,,
174,,,"EXCITE 【Kamen Rider Ex-Aid】
EXCITE／「仮面ライダーエグゼイド」より",★2,★3,★5,★7,,
175,,,"Warera Omou, Yue ni Warera Ari 【Kamen Rider Ghost】
我ら思う、故に我ら在り／「仮面ライダーゴースト」より",★3,★4,★4,★5,,
176,,,"SURPRISE-DRIVE 【Kamen Rider Drive】
SURPRISE-DRIVE／「仮面ライダードライブ」より",★3,★4,★6,★7,,
177,,,"JUST LIVE MORE 【Kamen Rider Gaim】
JUST LIVE MORE／「仮面ライダー鎧武」より",★2,★3,★5,★7,,
178,,,"Life is SHOW TIME 【Kamen Rider Wizard】
Life is SHOW TIME／「仮面ライダーウィザード」より",★2,★2,★3,★6,,
179,,,"SWITCH ON! 【Kamen Rider Fourze】
SWITCH ON!／「仮面ライダーフォーゼ」より",★1,★1,★3,★3,★9,
180,,,"Bad Apple!! feat.nomico
【Touhou Project Arrange Alstroemeria Records】
Bad Apple!! feat.nomico
／東方Projectアレンジ Alstroemeria Records",★3,★5,★6,★8,,
181,,,"Usatei
【Touhou Project Arrange Amane+beatMARIO (COOL&CREATE)】
ウサテイ
／東方Projectアレンジ あまね＋ビートまりお (COOL&CREATE)",★3,★5,★7,★9,,
182,,,"Ganso! Tensai Cirno-chan 【Touhou Project Arrange 
Kobayashi Yuuya(IOSYS) feat.miko(Alternative ending)】
元祖！天才チルノちゃん☆／東方Projectアレンジ 
コバヤシユウヤ(IOSYS) feat. miko(Alternative ending)",★4,★6,★6,★9,,
183,,,"Cirno's Perfect Math Class: ⑨th Anniversary Edition
【Touhou Project Arrange IOSYS to yukaina ⑨ shuunen friends】
チルノのパーフェクトさんすう教室 ⑨周年バージョン
／東方Projectアレンジ IOSYSと愉快な⑨周年フレンズ",★3,★4,★5,★9,★10,
184,,,"Scarlet Police Getto Patrol 24 hour
【Touhou Project Arrange Shichijo Lettuce Group】
スカーレット警察のゲットーパトロール24時
／東方Projectアレンジ 七条レタスグループ",★2,★2,★5,★8,★9,
185,,,"Sai ha Nagerareta 【Touhou Project Arrange IOSYS】
賽は投げられた／東方Projectアレンジ IOSYS",★4,★6,★6,★7,,
186,,,"Cirno's Perfect Math Class
【Touhou Project Arrange ARM+Yoshimi Youno(IOSYS) feat.miko】
チルノのパーフェクトさんすう教室
／東方Projectアレンジ ARM+夕野ヨシミ(IOSYS) feat.miko】",★4,★5,★7,★8,★10,
187,,,"Marisa Stole the Precious Thing 【Touhou Project Arrange 
ARM+Yoshimi Youno(IOSYS) feat.Karin Fujisaki】
魔理沙は大変なものを盗んでいきました
／東方Projectアレンジ ARM+夕野ヨシミ(IOSYS) feat. 藤咲かりん",★4,★5,★6,★9,,
188,,,"Necrofantasia ~ Arr.Demetori 【Touhou Project Arrange Demetori】
ネクロファンタジア ～ Arr.Demetori／東方Projectアレンジ Demetori",★5,★7,★8,★10,,
189,,,"Grip & Break down !! -Tatsujin Edit.-
【Touhou Project Arrange SOUND HOLIC feat. Nana Takahashi】
Grip & Break down !! -達人Edit.-
／東方Projectアレンジ SOUND HOLIC feat. Nana Takahashi",★4,★5,★6,★7,★9,
190,,Classic,
191,,,"William Tell Overture 【Gioachino Rossini】
ウィリアム･テル序曲",★3,★5,★7,★7,,
192,,,
193,,,"Symphony No.5 ""Fate"" 【Beethoven】
交響曲第五番「運命」",★4,★5,★5,★6,,
194,,,"Three Marches Militaires 【Schubert】
軍隊行進曲／シューベルト",★4,★4,★6,★7,,
195,,,"Etude Op. 10, No. 4
練習曲Op.10-4",★3,★4,★7,★9,★10,
196,,,"Funiculi Funicula 【Luigi Denza】
フニクリ・フニクラ",★3,★6,★6,★7,★9,
197,,,"La Campanella 【Franz Liszt】
ラ・カンパネラ／リスト",★4,★6,★7,★7,★9,
198,,,"Tokyo Ondo
東京音頭",★1,★1,★4,★5,,
199,,,"Furusato (Hometown)
ふるさと",★1,★1,★1,★1,,
200,,,"Fuji no Yama (Mt. Fuji)
ふじの山",★2,★1,★3,★3,,
201,,Game Music,
202,,,"Dr.WILY STAGE 1 【Mega Man 2】
Dr.WILY STAGE 1／「ロックマン2 Dr.ワイリーの謎」より",★4,★6,★7,★8,,
203,,,"Monster Hunter: World Medley
モンスターハンター：ワールド メドレー",★3,★4,★6,★8,,
204,,,"Last Surprise 【Persona 5】
Last Surprise／「ペルソナ５」より",★3,★4,★5,★8,,
205,,,"Life Will Change 【Persona 5】
Life Will Change／「ペルソナ５」より",★3,★4,★6,★8,,
206,,,MEGALOVANIA 【UNDERTALE】,★4,★5,★7,★9,★10,
207,,,"JOIN THE PAC -Taiko no Tatsujin Ver.-
【Pac-Man 40th Anniversary Official Theme Music】
JOIN THE PAC -太鼓の達人 Ver.-
／パックマン40周年公式テーマ楽曲",★3,★3,★6,★9,,
208,,,"Katamari On The Rocks
塊オンザロック～メインテーマ／「塊魂」",★4,★5,★7,★8,,
209,,,"The Windmill Song 【Klonoa: Door to Phantomile】
The Windmill Song／「風のクロノア」より",★4,★6,★6,★8,,
210,,,"ESCAPE FROM CRISIS 【CRITICAL VELOCITY】
ESCAPE FROM CRISIS／「クリティカルベロシティ」より",★5,★6,★6,★8,★10,
211,,,"Synchronica Airlines 【Taku Inoue(BNSI) ""Synchronica""】
シンクロニカ・エアライン／Taku Inoue(BNSI) 「シンクロニカ」より",★4,★6,★7,★9,,
212,,,"The arrow was shot 【Tales of the Abyss】
The arrow was shot／「テイルズ オブ ジ アビス」より",★5,★6,★7,★8,,
213,,,EAT'EM UP! 【R4 -RIDGE RACER TYPE4-】,★3,★5,★6,★8,,
214,,,"Boku no Jikyuu Bokura no Jikyuu 【Mr. Driller: Drill Land】
僕の→地球 僕らの地球／ミスタードリラー　ドリルランド",★4,★4,★6,★7,,
215,,,"GOING TO LUNATEA 【Klonoa 2: Lunatea's Veil】
GOING TO LUNATEA／「風のクロノア2 ～世界が望んだ忘れもの～」より",★2,★4,★6,★8,,
216,,,"Symphonic Valkyrie
シンフォニック ワルキューレ",★4,★5,★5,★7,,
217,,NAMCO Original,
218,,,"Mainichi ga Donderful
まいにちがドンダフル",★2,★4,★5,★8,,
219,,,"Daisuki na Taiko no Ne 【Soshina feat. Don-chan】
大好きな太鼓の音／粗品 feat. どんちゃん",★3,★6,★7,★8,★9,
220,,,"Bouken-biyori
冒険日和",★4,★5,★6,★8,,
221,,,"Kumo no Kanata no Taichi no Kaze
【Shuuri Misaki (BNSI) feat. Yako from Danchinomiya】
雲の彼方の大地の風
／三崎修吏(BNSI) feat. 団地ノ宮弥子",★4,★5,★6,★9,,
222,,,"Kappa no Sara wa Konna ni mo
【Mei Oosawa (BNSI) feat. Takayuki Ikezawa】
河童の皿はこんなにも
／大澤めい(BNSI) feat. 池澤孝之",★4,★5,★6,★9,,
223,,,"Yumeutstsu Catharsis 【Kanoya Ooki (BNSI) feat. Kaori Aihara】
夢うつつカタルシス／大木奏弥(BNSI) feat. 愛原圭織",★4,★5,★6,★8,,
224,,,"Fuuma Module 6768 【Hisui】
風魔モジュール6768／翡翠",★4,★6,★6,★7,★9,
225,,,"1/2 ～inside me 【Mizuki Shinohara feat. Kaori Aihara】
1/2 ～inside me／篠原瑞希 feat. 愛原圭織",★4,★6,★7,★9,,
226,,,"Solitude Star 【Harusaki x beet】
Solitude Star／春先 x beet",★5,★6,★7,★9,,
227,,,"Konya wa Hold Me
今夜はホーミー",★4,★4,★5,★7,,
228,,,"1-2-San-Shi no de Dondokaka! 【AI Kiritan feat. Yuuki Hirose】
1・2・さんしのでドンドカッカッ！／AIきりたん feat. ユーキヒロセ",★1,★1,★4,★7,★9,
229,,,"Nijiiro Baton 【Ponchi♪ feat. Haxchi × Donders】
ニジイロバトン／Ponchi♪ feat.はぁち × Donders",★3,★5,★6,★8,,
230,,,"Peta-PETA!? Pumpkin 【Yu～kure】
ぺた・PETA！？パンプキン／ゆ～くれ",★4,★5,★6,★9,,
231,,,PONPOKO RHYTHM 【Mamyukka】,★4,★6,★6,★7,,
232,,,"Hakanaki wa Gensho ni Mau 【Se-U-Ra】
儚姫は原初に舞う／Se-U-Ra",★4,★5,★7,★7,★10,
233,,,Vixtory 【CHUBAY】,★5,★7,★7,★10,★10,
234,,,"wonderful ROUTINE 【Yuusuke Kodou (BNSI)】
wonderful ROUTINE／工藤祐介(BNSI)",★5,★6,★8,★10,,
235,,,"Zero no Symphony 【kyo (BNSI) feat. Sariya-jin】
零の交響曲／kyo(BNSI) feat. サリヤ人",★3,★4,★6,★8,★10,
236,,,"Fly again! 【Yoshihito Yano (BNSI) feat. Takayoshi Tanimoto】
Fly again!／矢野義人(BNSI) feat. 谷本貴義",★2,★3,★4,★7,,
237,,,"Genkai Creator Ouenka
【Yukiko Miyagi (BNSI) feat. Suzune, Kiyoto Kawase】
限界クリエイター応援歌
／宮城裕紀子(BNSI) feat.涼音・川瀬清人",★3,★5,★6,★8,,
238,,,Freeway3234,★4,★6,★7,★8,,
239,,,"Ai Nandaze 【Taku Inoue(BNSI)】
愛なんだぜ／Taku Inoue(BNSI)",★3,★5,★7,★9,,
240,,,"TOKIMEKI♡Destroyer!! 【Ayatsugu_Otowa】
TOKIMEKI♡ですとろいやー！！／Ayatsugu_Otowa",★4,★5,★7,★9,,
241,,,"via lactea 【feat. Setsunann】
via lactea／feat. 薛南",★3,★5,★6,★7,,
242,,,"Hoshikuzu Struck 【t+pazolite】
星屑ストラック／t+pazolite",★5,★6,★7,★10,★10,
243,,,Dragoon 【Massive New Krew】,★4,★6,★7,★9,,
244,,,"Youthful Coaster 【U-ske feat. Natsu Kazura】
ユースフルコースター／U-ske feat. かずらなつ",★4,★6,★7,★9,,
245,,,"GO GET'EM! 【Satoshi Terashima】
GO GET'EM!／寺島怜志",★4,★7,★8,★9,★9,
246,,,"Kokushin Chronicle
黒神クロニクル",★3,★4,★6,★7,,
247,,,"Kagami no Kuni no Alice 【Kashitaro Ito】
鏡の国のアリス／伊東歌詞太郎",★3,★4,★5,★6,★8,
248,,,"Marionette Pure
マリオネットピュア",★4,★5,★7,★9,,
249,,,"Hayabusa
隼",★5,★7,★8,★9,,
250,,,"Tokyo Tokkyo Kyo Kyokakyoku Kyokucho!!
東京特許キョ許可局局長!!",★3,★4,★6,★8,,
251,,,"Geki-un! Shichifuku Happy Crew
【Yuuya Kobayashi (IOSYS) feat. Momiji Yamamoto (monotone)】
激運！七福ハッピークルー
／コバヤシユウヤ(IOSYS) feat. 山本椛 (monotone)",★4,★5,★7,★9,,
252,,,,,,,,,
